Word,ID
abandon,1
ability,2
able,3
abortion,4
abroad,5
absence,6
absolute,7
absolutely,8
absorb,9
abuse,10
academic,11
accept,12
access,13
accident,14
accompany,15
accomplish,16
according,17
account,18
accurate,19
accuse,20
achieve,21
achievement,22
acid,23
acknowledge,24
acquire,25
across,26
act,27
action,28
active,29
activist,30
activity,31
actor,32
actress,33
actual,34
actually,35
ad,36
adapt,37
add,38
addition,39
additional,40
address,41
adequate,42
adjust,43
adjustment,44
administration,45
administrator,46
admire,47
admission,48
admit,49
adolescent,50
adopt,51
adult,52
advance,53
advanced,54
advantage,55
adventure,56
advertising,57
advice,58
advise,59
adviser,60
advocate,61
affair,62
affect,63
afford,64
afraid,65
African,66
African-American,67
afternoon,68
age,69
agency,70
agenda,71
agent,72
aggressive,73
ago,74
agree,75
agreement,76
agricultural,77
ah,78
ahead,79
aid,80
aide,81
AIDS,82
aim,83
air,84
aircraft,85
airline,86
airport,87
album,88
alcohol,89
alive,90
alliance,91
allow,92
ally,93
almost,94
alone,95
along,96
already,97
also,98
alter,99
alternative,100
although,101
always,102
amazing,103
American,104
among,105
amount,106
analysis,107
analyst,108
analyze,109
ancient,110
anger,111
angle,112
angry,113
animal,114
anniversary,115
announce,116
annual,117
another,118
answer,119
anticipate,120
anxiety,121
anybody,122
anymore,123
anyone,124
anything,125
anyway,126
anywhere,127
apart,128
apartment,129
apparent,130
apparently,131
appeal,132
appear,133
appearance,134
apple,135
application,136
apply,137
appoint,138
appointment,139
appreciate,140
approach,141
appropriate,142
approval,143
approve,144
approximately,145
Arab,146
architect,147
area,148
argue,149
argument,150
arise,151
arm,152
armed,153
army,154
around,155
arrange,156
arrangement,157
arrest,158
arrival,159
arrive,160
art,161
article,162
artist,163
artistic,164
Asian,165
aside,166
ask,167
asleep,168
aspect,169
assault,170
assert,171
assess,172
assessment,173
asset,174
assign,175
assignment,176
assist,177
assistance,178
assistant,179
associate,180
association,181
assume,182
assumption,183
assure,184
athlete,185
athletic,186
atmosphere,187
attach,188
attack,189
attempt,190
attend,191
attention,192
attitude,193
attorney,194
attract,195
attractive,196
attribute,197
audience,198
author,199
authority,200
auto,201
available,202
average,203
avoid,204
award,205
aware,206
awareness,207
away,208
awful,209
baby,210
back,211
background,212
bad,213
badly,214
bag,215
bake,216
balance,217
ball,218
ban,219
band,220
bank,221
bar,222
barely,223
barrel,224
barrier,225
base,226
baseball,227
basic,228
basically,229
basis,230
basket,231
basketball,232
bathroom,233
battery,234
battle,235
beach,236
bean,237
bear,238
beat,239
beautiful,240
beauty,241
become,242
bed,243
bedroom,244
beer,245
begin,246
beginning,247
behavior,248
behind,249
belief,250
believe,251
bell,252
belong,253
belt,254
bench,255
bend,256
beneath,257
benefit,258
beside,259
besides,260
best,261
bet,262
better,263
beyond,264
Bible,265
big,266
bike,267
bill,268
billion,269
bind,270
biological,271
bird,272
birth,273
birthday,274
bit,275
bite,276
black,277
blade,278
blame,279
blanket,280
blind,281
block,282
blood,283
blow,284
blue,285
board,286
boat,287
body,288
bomb,289
bombing,290
bond,291
bone,292
book,293
boom,294
boot,295
border,296
born,297
borrow,298
boss,299
bother,300
bottle,301
bottom,302
boundary,303
bowl,304
box,305
boy,306
boyfriend,307
brain,308
branch,309
brand,310
bread,311
break,312
breakfast,313
breast,314
breath,315
breathe,316
brick,317
bridge,318
brief,319
briefly,320
bright,321
brilliant,322
bring,323
British,324
broad,325
broken,326
brother,327
brown,328
brush,329
buck,330
budget,331
build,332
building,333
bullet,334
bunch,335
burden,336
burn,337
bury,338
bus,339
business,340
busy,341
butter,342
button,343
buy,344
buyer,345
cabin,346
cabinet,347
cable,348
cake,349
calculate,350
call,351
camera,352
camp,353
campaign,354
campus,355
Canadian,356
cancer,357
candidate,358
cap,359
capability,360
capable,361
capacity,362
capital,363
captain,364
capture,365
car,366
carbon,367
card,368
care,369
career,370
careful,371
carefully,372
carrier,373
carry,374
case,375
cash,376
cast,377
cat,378
catch,379
category,380
Catholic,381
cause,382
ceiling,383
celebrate,384
celebration,385
celebrity,386
cell,387
center,388
central,389
century,390
CEO,391
ceremony,392
certain,393
certainly,394
chain,395
chair,396
chairman,397
challenge,398
chamber,399
champion,400
championship,401
chance,402
change,403
changing,404
channel,405
chapter,406
character,407
characteristic,408
characterize,409
charge,410
charity,411
chart,412
chase,413
cheap,414
check,415
cheek,416
cheese,417
chef,418
chemical,419
chest,420
chicken,421
chief,422
child,423
childhood,424
Chinese,425
chip,426
chocolate,427
choice,428
cholesterol,429
choose,430
Christian,431
Christmas,432
church,433
cigarette,434
circle,435
circumstance,436
cite,437
citizen,438
city,439
civil,440
civilian,441
claim,442
class,443
classic,444
classroom,445
clean,446
clear,447
clearly,448
client,449
climate,450
climb,451
clinic,452
clinical,453
clock,454
close,455
closely,456
closer,457
clothes,458
clothing,459
cloud,460
club,461
clue,462
cluster,463
coach,464
coal,465
coalition,466
coast,467
coat,468
code,469
coffee,470
cognitive,471
cold,472
collapse,473
colleague,474
collect,475
collection,476
collective,477
college,478
colonial,479
color,480
column,481
combination,482
combine,483
come,484
comedy,485
comfort,486
comfortable,487
command,488
commander,489
comment,490
commercial,491
commission,492
commit,493
commitment,494
committee,495
common,496
communicate,497
communication,498
community,499
company,500
compare,501
comparison,502
compete,503
competition,504
competitive,505
competitor,506
complain,507
complaint,508
complete,509
completely,510
complex,511
complicated,512
component,513
compose,514
composition,515
comprehensive,516
computer,517
concentrate,518
concentration,519
concept,520
concern,521
concerned,522
concert,523
conclude,524
conclusion,525
concrete,526
condition,527
conduct,528
conference,529
confidence,530
confident,531
confirm,532
conflict,533
confront,534
confusion,535
Congress,536
congressional,537
connect,538
connection,539
consciousness,540
consensus,541
consequence,542
conservative,543
consider,544
considerable,545
consideration,546
consist,547
consistent,548
constant,549
constantly,550
constitute,551
constitutional,552
construct,553
construction,554
consultant,555
consume,556
consumer,557
consumption,558
contact,559
contain,560
container,561
contemporary,562
content,563
contest,564
context,565
continue,566
continued,567
contract,568
contrast,569
contribute,570
contribution,571
control,572
controversial,573
controversy,574
convention,575
conventional,576
conversation,577
convert,578
conviction,579
convince,580
cook,581
cookie,582
cooking,583
cool,584
cooperation,585
cop,586
cope,587
copy,588
core,589
corn,590
corner,591
corporate,592
corporation,593
correct,594
correspondent,595
cost,596
cotton,597
couch,598
could,599
council,600
counselor,601
count,602
counter,603
country,604
county,605
couple,606
courage,607
course,608
court,609
cousin,610
cover,611
coverage,612
cow,613
crack,614
craft,615
crash,616
crazy,617
cream,618
create,619
creation,620
creative,621
creature,622
credit,623
crew,624
crime,625
criminal,626
crisis,627
criteria,628
critic,629
critical,630
criticism,631
criticize,632
crop,633
cross,634
crowd,635
crucial,636
cry,637
cultural,638
culture,639
cup,640
curious,641
current,642
currently,643
curriculum,644
custom,645
customer,646
cut,647
cycle,648
dad,649
daily,650
damage,651
dance,652
danger,653
dangerous,654
dare,655
dark,656
darkness,657
data,658
date,659
daughter,660
day,661
dead,662
deal,663
dealer,664
dear,665
death,666
debate,667
debt,668
decade,669
decide,670
decision,671
deck,672
declare,673
decline,674
decrease,675
deep,676
deeply,677
deer,678
defeat,679
defend,680
defendant,681
defense,682
defensive,683
deficit,684
define,685
definitely,686
definition,687
degree,688
delay,689
deliver,690
delivery,691
demand,692
democracy,693
Democrat,694
democratic,695
demonstrate,696
demonstration,697
deny,698
department,699
depend,700
dependent,701
depending,702
depict,703
depression,704
depth,705
deputy,706
derive,707
describe,708
description,709
desert,710
deserve,711
design,712
designer,713
desire,714
desk,715
desperate,716
despite,717
destroy,718
destruction,719
detail,720
detailed,721
detect,722
determine,723
develop,724
developing,725
development,726
device,727
devote,728
dialogue,729
die,730
diet,731
differ,732
difference,733
different,734
differently,735
difficult,736
difficulty,737
dig,738
digital,739
dimension,740
dining,741
dinner,742
direct,743
direction,744
directly,745
director,746
dirt,747
dirty,748
disability,749
disagree,750
disappear,751
disaster,752
discipline,753
discourse,754
discover,755
discovery,756
discrimination,757
discuss,758
discussion,759
disease,760
dish,761
dismiss,762
disorder,763
display,764
dispute,765
distance,766
distant,767
distinct,768
distinction,769
distinguish,770
distribute,771
distribution,772
district,773
diverse,774
diversity,775
divide,776
division,777
divorce,778
DNA,779
doctor,780
document,781
dog,782
domestic,783
dominant,784
dominate,785
door,786
double,787
doubt,788
downtown,789
dozen,790
draft,791
drag,792
drama,793
dramatic,794
dramatically,795
draw,796
drawing,797
dream,798
dress,799
drink,800
drive,801
driver,802
drop,803
drug,804
dry,805
due,806
dust,807
duty,808
eager,809
ear,810
early,811
earn,812
earnings,813
earth,814
ease,815
easily,816
east,817
eastern,818
easy,819
eat,820
economic,821
economics,822
economist,823
economy,824
edge,825
edition,826
editor,827
educate,828
education,829
educational,830
educator,831
effect,832
effective,833
effectively,834
efficiency,835
efficient,836
effort,837
egg,838
eight,839
either,840
elderly,841
elect,842
election,843
electric,844
electricity,845
electronic,846
element,847
elementary,848
eliminate,849
elite,850
else,851
elsewhere,852
e-mail,853
embrace,854
emerge,855
emergency,856
emission,857
emotion,858
emotional,859
emphasis,860
emphasize,861
employ,862
employee,863
employer,864
employment,865
empty,866
enable,867
encounter,868
encourage,869
end,870
enemy,871
energy,872
enforcement,873
engage,874
engine,875
engineer,876
engineering,877
English,878
enhance,879
enjoy,880
enormous,881
enough,882
ensure,883
enter,884
enterprise,885
entertainment,886
entire,887
entirely,888
entrance,889
entry,890
environment,891
environmental,892
episode,893
equal,894
equally,895
equipment,896
era,897
error,898
escape,899
especially,900
essay,901
essential,902
essentially,903
establish,904
establishment,905
estate,906
estimate,907
etc,908
ethics,909
ethnic,910
European,911
evaluate,912
evaluation,913
even,914
evening,915
event,916
eventually,917
ever,918
every,919
everybody,920
everyday,921
everyone,922
everything,923
everywhere,924
evidence,925
evolution,926
evolve,927
exact,928
exactly,929
examination,930
examine,931
example,932
exceed,933
excellent,934
except,935
exception,936
exchange,937
exciting,938
executive,939
exercise,940
exhibit,941
exhibition,942
exist,943
existence,944
existing,945
expand,946
expansion,947
expect,948
expectation,949
expense,950
expensive,951
experience,952
experiment,953
expert,954
explain,955
explanation,956
explode,957
explore,958
explosion,959
expose,960
exposure,961
express,962
expression,963
extend,964
extension,965
extensive,966
extent,967
external,968
extra,969
extraordinary,970
extreme,971
extremely,972
eye,973
fabric,974
face,975
facility,976
fact,977
factor,978
factory,979
faculty,980
fade,981
fail,982
failure,983
fair,984
fairly,985
faith,986
fall,987
FALSE,988
familiar,989
family,990
famous,991
fan,992
fantasy,993
far,994
farm,995
farmer,996
fashion,997
fast,998
fat,999
fate,1000
father,1001
fault,1002
favor,1003
favorite,1004
fear,1005
feature,1006
federal,1007
fee,1008
feed,1009
feel,1010
feeling,1011
fellow,1012
female,1013
fence,1014
fewer,1015
fiber,1016
fiction,1017
field,1018
fifteen,1019
fifth,1020
fifty,1021
fight,1022
fighter,1023
fighting,1024
figure,1025
file,1026
fill,1027
film,1028
final,1029
finally,1030
finance,1031
financial,1032
find,1033
finding,1034
fine,1035
finger,1036
finish,1037
fire,1038
firm,1039
first,1040
fish,1041
fishing,1042
fit,1043
fitness,1044
five,1045
fix,1046
flag,1047
flame,1048
flat,1049
flavor,1050
flee,1051
flesh,1052
flight,1053
float,1054
floor,1055
flow,1056
flower,1057
fly,1058
focus,1059
folk,1060
follow,1061
following,1062
food,1063
foot,1064
football,1065
force,1066
foreign,1067
forest,1068
forever,1069
forget,1070
form,1071
formal,1072
formation,1073
former,1074
formula,1075
forth,1076
fortune,1077
forward,1078
found,1079
foundation,1080
founder,1081
four,1082
fourth,1083
frame,1084
framework,1085
free,1086
freedom,1087
freeze,1088
French,1089
frequency,1090
frequent,1091
frequently,1092
fresh,1093
friend,1094
friendly,1095
friendship,1096
front,1097
fruit,1098
frustration,1099
fuel,1100
full,1101
fully,1102
fun,1103
function,1104
fund,1105
fundamental,1106
funding,1107
funeral,1108
funny,1109
furniture,1110
furthermore,1111
future,1112
gain,1113
galaxy,1114
gallery,1115
game,1116
gang,1117
gap,1118
garage,1119
garden,1120
garlic,1121
gas,1122
gate,1123
gather,1124
gay,1125
gaze,1126
gear,1127
gender,1128
gene,1129
general,1130
generally,1131
generate,1132
generation,1133
genetic,1134
gentleman,1135
gently,1136
German,1137
gesture,1138
get,1139
ghost,1140
giant,1141
gift,1142
gifted,1143
girl,1144
girlfriend,1145
give,1146
given,1147
glad,1148
glance,1149
glass,1150
global,1151
glove,1152
go,1153
goal,1154
God,1155
gold,1156
golden,1157
golf,1158
good,1159
government,1160
governor,1161
grab,1162
grade,1163
gradually,1164
graduate,1165
grain,1166
grand,1167
grandfather,1168
grandmother,1169
grant,1170
grass,1171
grave,1172
gray,1173
great,1174
greatest,1175
green,1176
grocery,1177
ground,1178
group,1179
grow,1180
growing,1181
growth,1182
guarantee,1183
guard,1184
guess,1185
guest,1186
guide,1187
guideline,1188
guilty,1189
gun,1190
guy,1191
habit,1192
habitat,1193
hair,1194
half,1195
hall,1196
hand,1197
handful,1198
handle,1199
hang,1200
happen,1201
happy,1202
hard,1203
hardly,1204
hat,1205
hate,1206
head,1207
headline,1208
headquarters,1209
health,1210
healthy,1211
hear,1212
hearing,1213
heart,1214
heat,1215
heaven,1216
heavily,1217
heavy,1218
heel,1219
height,1220
helicopter,1221
hell,1222
hello,1223
help,1224
helpful,1225
heritage,1226
hero,1227
hey,1228
hi,1229
hide,1230
high,1231
highlight,1232
highly,1233
highway,1234
hill,1235
hip,1236
hire,1237
historian,1238
historic,1239
historical,1240
history,1241
hit,1242
hold,1243
hole,1244
holiday,1245
holy,1246
home,1247
homeless,1248
honest,1249
honey,1250
honor,1251
hope,1252
horizon,1253
horror,1254
horse,1255
hospital,1256
host,1257
hot,1258
hotel,1259
hour,1260
house,1261
household,1262
housing,1263
however,1264
huge,1265
human,1266
humor,1267
hundred,1268
hungry,1269
hunter,1270
hunting,1271
hurt,1272
husband,1273
hypothesis,1274
ice,1275
idea,1276
ideal,1277
identification,1278
identify,1279
identity,1280
ie,1281
ignore,1282
ill,1283
illegal,1284
illness,1285
illustrate,1286
image,1287
imagination,1288
imagine,1289
immediate,1290
immediately,1291
immigrant,1292
immigration,1293
impact,1294
implement,1295
implication,1296
imply,1297
importance,1298
important,1299
impose,1300
impossible,1301
impress,1302
impression,1303
impressive,1304
improve,1305
improvement,1306
incentive,1307
incident,1308
include,1309
including,1310
income,1311
incorporate,1312
increase,1313
increased,1314
increasing,1315
increasingly,1316
incredible,1317
indeed,1318
independence,1319
independent,1320
index,1321
Indian,1322
indicate,1323
indication,1324
individual,1325
industrial,1326
industry,1327
infant,1328
infection,1329
inflation,1330
influence,1331
inform,1332
information,1333
ingredient,1334
initial,1335
initially,1336
initiative,1337
injury,1338
inner,1339
innocent,1340
inquiry,1341
inside,1342
insight,1343
insist,1344
inspire,1345
install,1346
instance,1347
instead,1348
institution,1349
institutional,1350
instruction,1351
instructor,1352
instrument,1353
insurance,1354
intellectual,1355
intelligence,1356
intend,1357
intense,1358
intensity,1359
intention,1360
interaction,1361
interest,1362
interested,1363
interesting,1364
internal,1365
international,1366
Internet,1367
interpret,1368
interpretation,1369
intervention,1370
interview,1371
introduce,1372
introduction,1373
invasion,1374
invest,1375
investigate,1376
investigation,1377
investigator,1378
investment,1379
investor,1380
invite,1381
involve,1382
involved,1383
involvement,1384
Iraqi,1385
Irish,1386
iron,1387
Islamic,1388
island,1389
Israeli,1390
issue,1391
Italian,1392
item,1393
jacket,1394
jail,1395
Japanese,1396
jet,1397
Jew,1398
Jewish,1399
job,1400
join,1401
joint,1402
joke,1403
journal,1404
journalist,1405
journey,1406
joy,1407
judge,1408
judgment,1409
juice,1410
jump,1411
junior,1412
jury,1413
justice,1414
justify,1415
keep,1416
key,1417
kick,1418
kid,1419
kill,1420
killer,1421
killing,1422
kind,1423
king,1424
kiss,1425
kitchen,1426
knee,1427
knife,1428
knock,1429
know,1430
knowledge,1431
lab,1432
label,1433
labor,1434
laboratory,1435
lack,1436
lady,1437
lake,1438
land,1439
landscape,1440
language,1441
lap,1442
large,1443
largely,1444
last,1445
late,1446
later,1447
Latin,1448
latter,1449
laugh,1450
launch,1451
law,1452
lawn,1453
lawsuit,1454
lawyer,1455
lay,1456
layer,1457
lead,1458
leader,1459
leadership,1460
leading,1461
leaf,1462
league,1463
lean,1464
learn,1465
learning,1466
least,1467
leather,1468
leave,1469
left,1470
leg,1471
legacy,1472
legal,1473
legend,1474
legislation,1475
legitimate,1476
lemon,1477
length,1478
less,1479
lesson,1480
let,1481
letter,1482
level,1483
liberal,1484
library,1485
license,1486
lie,1487
life,1488
lifestyle,1489
lifetime,1490
lift,1491
light,1492
like,1493
likely,1494
limit,1495
limitation,1496
limited,1497
line,1498
link,1499
lip,1500
list,1501
listen,1502
literally,1503
literary,1504
literature,1505
little,1506
live,1507
living,1508
load,1509
loan,1510
local,1511
locate,1512
location,1513
lock,1514
long,1515
long-term,1516
look,1517
loose,1518
lose,1519
loss,1520
lost,1521
lot,1522
lots,1523
loud,1524
love,1525
lovely,1526
lover,1527
low,1528
lower,1529
luck,1530
lucky,1531
lunch,1532
lung,1533
machine,1534
mad,1535
magazine,1536
mail,1537
main,1538
mainly,1539
maintain,1540
maintenance,1541
major,1542
majority,1543
make,1544
maker,1545
makeup,1546
male,1547
mall,1548
man,1549
manage,1550
management,1551
manager,1552
manner,1553
manufacturer,1554
manufacturing,1555
many,1556
map,1557
margin,1558
mark,1559
market,1560
marketing,1561
marriage,1562
married,1563
marry,1564
mask,1565
mass,1566
massive,1567
master,1568
match,1569
material,1570
math,1571
matter,1572
may,1573
maybe,1574
mayor,1575
meal,1576
mean,1577
meaning,1578
meanwhile,1579
measure,1580
measurement,1581
meat,1582
mechanism,1583
media,1584
medical,1585
medication,1586
medicine,1587
medium,1588
meet,1589
meeting,1590
member,1591
membership,1592
memory,1593
mental,1594
mention,1595
menu,1596
mere,1597
merely,1598
mess,1599
message,1600
metal,1601
meter,1602
method,1603
Mexican,1604
middle,1605
might,1606
military,1607
milk,1608
million,1609
mind,1610
mine,1611
minister,1612
minor,1613
minority,1614
minute,1615
miracle,1616
mirror,1617
miss,1618
missile,1619
mission,1620
mistake,1621
mix,1622
mixture,1623
mm-hmm,1624
mode,1625
model,1626
moderate,1627
modern,1628
modest,1629
mom,1630
moment,1631
money,1632
monitor,1633
month,1634
mood,1635
moon,1636
moral,1637
moreover,1638
morning,1639
mortgage,1640
mostly,1641
mother,1642
motion,1643
motivation,1644
motor,1645
mount,1646
mountain,1647
mouse,1648
mouth,1649
move,1650
movement,1651
movie,1652
Mr,1653
Mrs,1654
Ms,1655
much,1656
multiple,1657
murder,1658
muscle,1659
museum,1660
music,1661
musical,1662
musician,1663
Muslim,1664
must,1665
mutual,1666
mystery,1667
myth,1668
naked,1669
name,1670
narrative,1671
narrow,1672
nation,1673
national,1674
native,1675
natural,1676
naturally,1677
nature,1678
near,1679
nearby,1680
nearly,1681
necessarily,1682
necessary,1683
neck,1684
need,1685
negative,1686
negotiate,1687
negotiation,1688
neighbor,1689
neighborhood,1690
neither,1691
nerve,1692
nervous,1693
net,1694
network,1695
never,1696
nevertheless,1697
new,1698
newly,1699
news,1700
newspaper,1701
next,1702
nice,1703
night,1704
nine,1705
nobody,1706
nod,1707
noise,1708
nomination,1709
none,1710
nonetheless,1711
normal,1712
normally,1713
north,1714
northern,1715
nose,1716
note,1717
nothing,1718
notice,1719
notion,1720
novel,1721
nowhere,1722
n't,1723
nuclear,1724
number,1725
numerous,1726
nurse,1727
nut,1728
object,1729
objective,1730
obligation,1731
observation,1732
observe,1733
observer,1734
obtain,1735
obvious,1736
obviously,1737
occasion,1738
occasionally,1739
occupation,1740
occupy,1741
occur,1742
ocean,1743
odd,1744
odds,1745
offense,1746
offensive,1747
offer,1748
office,1749
officer,1750
official,1751
often,1752
oh,1753
oil,1754
ok,1755
okay,1756
old,1757
Olympic,1758
one,1759
ongoing,1760
onion,1761
online,1762
onto,1763
open,1764
opening,1765
operate,1766
operating,1767
operation,1768
operator,1769
opinion,1770
opponent,1771
opportunity,1772
oppose,1773
opposite,1774
opposition,1775
option,1776
orange,1777
order,1778
ordinary,1779
organic,1780
organization,1781
organize,1782
orientation,1783
origin,1784
original,1785
originally,1786
others,1787
otherwise,1788
ought,1789
outcome,1790
outside,1791
oven,1792
overall,1793
overcome,1794
overlook,1795
owe,1796
owner,1797
pace,1798
pack,1799
package,1800
page,1801
pain,1802
painful,1803
paint,1804
painter,1805
painting,1806
pair,1807
pale,1808
Palestinian,1809
palm,1810
pan,1811
panel,1812
pant,1813
paper,1814
parent,1815
park,1816
parking,1817
part,1818
participant,1819
participate,1820
participation,1821
particular,1822
particularly,1823
partly,1824
partner,1825
partnership,1826
party,1827
pass,1828
passage,1829
passenger,1830
passion,1831
past,1832
patch,1833
path,1834
patient,1835
pattern,1836
pause,1837
pay,1838
payment,1839
PC,1840
peace,1841
peak,1842
peer,1843
penalty,1844
people,1845
pepper,1846
per,1847
perceive,1848
percentage,1849
perception,1850
perfect,1851
perfectly,1852
perform,1853
performance,1854
perhaps,1855
period,1856
permanent,1857
permission,1858
permit,1859
person,1860
personal,1861
personality,1862
personally,1863
personnel,1864
perspective,1865
persuade,1866
pet,1867
phase,1868
phenomenon,1869
philosophy,1870
phone,1871
photo,1872
photograph,1873
photographer,1874
phrase,1875
physical,1876
physically,1877
physician,1878
piano,1879
pick,1880
picture,1881
pie,1882
piece,1883
pile,1884
pilot,1885
pine,1886
pink,1887
pipe,1888
pitch,1889
place,1890
plan,1891
plane,1892
planet,1893
planning,1894
plant,1895
plastic,1896
plate,1897
platform,1898
play,1899
player,1900
please,1901
pleasure,1902
plenty,1903
plot,1904
plus,1905
PM,1906
pocket,1907
poem,1908
poet,1909
poetry,1910
point,1911
pole,1912
police,1913
policy,1914
political,1915
politically,1916
politician,1917
politics,1918
poll,1919
pollution,1920
pool,1921
poor,1922
pop,1923
popular,1924
population,1925
porch,1926
port,1927
portion,1928
portrait,1929
portray,1930
pose,1931
position,1932
positive,1933
possess,1934
possibility,1935
possible,1936
possibly,1937
post,1938
pot,1939
potato,1940
potential,1941
potentially,1942
pound,1943
pour,1944
poverty,1945
powder,1946
power,1947
powerful,1948
practical,1949
practice,1950
pray,1951
prayer,1952
precisely,1953
predict,1954
prefer,1955
preference,1956
pregnancy,1957
pregnant,1958
preparation,1959
prepare,1960
prescription,1961
presence,1962
present,1963
presentation,1964
preserve,1965
president,1966
presidential,1967
press,1968
pressure,1969
pretend,1970
pretty,1971
prevent,1972
previous,1973
previously,1974
price,1975
pride,1976
priest,1977
primarily,1978
primary,1979
prime,1980
principal,1981
principle,1982
print,1983
prior,1984
priority,1985
prison,1986
prisoner,1987
privacy,1988
private,1989
probably,1990
problem,1991
procedure,1992
proceed,1993
process,1994
produce,1995
producer,1996
product,1997
production,1998
profession,1999
professional,2000
professor,2001
profile,2002
profit,2003
program,2004
progress,2005
project,2006
prominent,2007
promise,2008
promote,2009
prompt,2010
proof,2011
proper,2012
properly,2013
property,2014
proportion,2015
proposal,2016
propose,2017
proposed,2018
prosecutor,2019
prospect,2020
protect,2021
protection,2022
protein,2023
protest,2024
proud,2025
prove,2026
provide,2027
provider,2028
province,2029
provision,2030
psychological,2031
psychologist,2032
psychology,2033
public,2034
publication,2035
publicly,2036
publish,2037
publisher,2038
pull,2039
punishment,2040
purchase,2041
pure,2042
purpose,2043
pursue,2044
push,2045
put,2046
qualify,2047
quality,2048
quarter,2049
quarterback,2050
question,2051
quick,2052
quickly,2053
quiet,2054
quietly,2055
quit,2056
quite,2057
quote,2058
race,2059
racial,2060
radical,2061
radio,2062
rail,2063
rain,2064
raise,2065
range,2066
rank,2067
rapid,2068
rapidly,2069
rare,2070
rarely,2071
rate,2072
rather,2073
rating,2074
ratio,2075
raw,2076
reach,2077
react,2078
reaction,2079
read,2080
reader,2081
reading,2082
ready,2083
real,2084
reality,2085
realize,2086
really,2087
reason,2088
reasonable,2089
recall,2090
receive,2091
recent,2092
recently,2093
recipe,2094
recognition,2095
recognize,2096
recommend,2097
recommendation,2098
record,2099
recording,2100
recover,2101
recovery,2102
recruit,2103
red,2104
reduce,2105
reduction,2106
refer,2107
reference,2108
reflect,2109
reflection,2110
reform,2111
refugee,2112
refuse,2113
regard,2114
regarding,2115
regardless,2116
regime,2117
region,2118
regional,2119
register,2120
regular,2121
regularly,2122
regulate,2123
regulation,2124
reinforce,2125
reject,2126
relate,2127
relation,2128
relationship,2129
relative,2130
relatively,2131
relax,2132
release,2133
relevant,2134
relief,2135
religion,2136
religious,2137
rely,2138
remain,2139
remaining,2140
remarkable,2141
remember,2142
remind,2143
remote,2144
remove,2145
repeat,2146
repeatedly,2147
replace,2148
reply,2149
report,2150
reporter,2151
represent,2152
representation,2153
representative,2154
Republican,2155
reputation,2156
request,2157
require,2158
requirement,2159
research,2160
researcher,2161
resemble,2162
reservation,2163
resident,2164
resist,2165
resistance,2166
resolution,2167
resolve,2168
resort,2169
resource,2170
respect,2171
respond,2172
respondent,2173
response,2174
responsibility,2175
responsible,2176
rest,2177
restaurant,2178
restore,2179
restriction,2180
result,2181
retain,2182
retire,2183
retirement,2184
return,2185
reveal,2186
revenue,2187
review,2188
revolution,2189
rhythm,2190
rice,2191
rich,2192
rid,2193
ride,2194
rifle,2195
right,2196
ring,2197
rise,2198
risk,2199
river,2200
road,2201
rock,2202
role,2203
roll,2204
romantic,2205
roof,2206
room,2207
root,2208
rope,2209
rose,2210
rough,2211
roughly,2212
round,2213
route,2214
routine,2215
row,2216
rub,2217
rule,2218
run,2219
running,2220
rural,2221
rush,2222
Russian,2223
sacred,2224
sad,2225
safe,2226
safety,2227
sake,2228
salad,2229
salary,2230
sale,2231
sales,2232
salt,2233
sample,2234
sanction,2235
sand,2236
satellite,2237
satisfaction,2238
satisfy,2239
sauce,2240
save,2241
saving,2242
say,2243
scale,2244
scandal,2245
scared,2246
scenario,2247
scene,2248
schedule,2249
scheme,2250
scholar,2251
scholarship,2252
school,2253
science,2254
scientific,2255
scientist,2256
scope,2257
score,2258
scream,2259
screen,2260
script,2261
sea,2262
search,2263
season,2264
seat,2265
second,2266
secret,2267
secretary,2268
section,2269
sector,2270
secure,2271
security,2272
see,2273
seed,2274
seek,2275
seem,2276
segment,2277
seize,2278
select,2279
selection,2280
self,2281
sell,2282
Senate,2283
senator,2284
send,2285
senior,2286
sense,2287
sensitive,2288
sentence,2289
separate,2290
sequence,2291
series,2292
serious,2293
seriously,2294
serve,2295
service,2296
session,2297
set,2298
setting,2299
settle,2300
settlement,2301
seven,2302
several,2303
severe,2304
sex,2305
sexual,2306
shade,2307
shadow,2308
shake,2309
shall,2310
shape,2311
share,2312
sharp,2313
sheet,2314
shelf,2315
shell,2316
shelter,2317
shift,2318
shine,2319
ship,2320
shirt,2321
shit,2322
shock,2323
shoe,2324
shoot,2325
shooting,2326
shop,2327
shopping,2328
shore,2329
short,2330
shortly,2331
shot,2332
shoulder,2333
shout,2334
show,2335
shower,2336
shrug,2337
shut,2338
sick,2339
side,2340
sigh,2341
sight,2342
sign,2343
signal,2344
significance,2345
significant,2346
significantly,2347
silence,2348
silent,2349
silver,2350
similar,2351
similarly,2352
simple,2353
simply,2354
sin,2355
since,2356
sing,2357
singer,2358
single,2359
sink,2360
sir,2361
sister,2362
sit,2363
site,2364
situation,2365
six,2366
size,2367
ski,2368
skill,2369
skin,2370
sky,2371
slave,2372
sleep,2373
slice,2374
slide,2375
slight,2376
slightly,2377
slip,2378
slow,2379
slowly,2380
small,2381
smart,2382
smell,2383
smile,2384
smoke,2385
smooth,2386
snap,2387
snow,2388
so-called,2389
soccer,2390
social,2391
society,2392
soft,2393
software,2394
soil,2395
solar,2396
soldier,2397
solid,2398
solution,2399
solve,2400
somebody,2401
somehow,2402
someone,2403
something,2404
sometimes,2405
somewhat,2406
somewhere,2407
son,2408
song,2409
soon,2410
sophisticated,2411
sorry,2412
sort,2413
soul,2414
sound,2415
soup,2416
source,2417
south,2418
southern,2419
Soviet,2420
space,2421
Spanish,2422
speak,2423
speaker,2424
special,2425
specialist,2426
species,2427
specific,2428
specifically,2429
speech,2430
speed,2431
spend,2432
spending,2433
spin,2434
spirit,2435
spiritual,2436
split,2437
spokesman,2438
sport,2439
spot,2440
spread,2441
spring,2442
square,2443
squeeze,2444
stability,2445
stable,2446
staff,2447
stage,2448
stair,2449
stake,2450
stand,2451
standard,2452
standing,2453
star,2454
stare,2455
start,2456
state,2457
statement,2458
station,2459
statistics,2460
status,2461
stay,2462
steady,2463
steal,2464
steel,2465
step,2466
stick,2467
still,2468
stir,2469
stock,2470
stomach,2471
stone,2472
stop,2473
storage,2474
store,2475
storm,2476
story,2477
straight,2478
strange,2479
stranger,2480
strategic,2481
strategy,2482
stream,2483
street,2484
strength,2485
strengthen,2486
stress,2487
stretch,2488
strike,2489
string,2490
strip,2491
stroke,2492
strong,2493
strongly,2494
structure,2495
struggle,2496
student,2497
studio,2498
study,2499
stuff,2500
stupid,2501
style,2502
subject,2503
submit,2504
subsequent,2505
substance,2506
substantial,2507
succeed,2508
success,2509
successful,2510
successfully,2511
sudden,2512
suddenly,2513
sue,2514
suffer,2515
sufficient,2516
sugar,2517
suggest,2518
suggestion,2519
suicide,2520
suit,2521
summer,2522
summit,2523
sun,2524
super,2525
supply,2526
support,2527
supporter,2528
suppose,2529
supposed,2530
Supreme,2531
sure,2532
surely,2533
surface,2534
surgery,2535
surprise,2536
surprised,2537
surprising,2538
surprisingly,2539
surround,2540
survey,2541
survival,2542
survive,2543
survivor,2544
suspect,2545
sustain,2546
swear,2547
sweep,2548
sweet,2549
swim,2550
swing,2551
switch,2552
symbol,2553
symptom,2554
system,2555
table,2556
tablespoon,2557
tactic,2558
tail,2559
take,2560
tale,2561
talent,2562
talk,2563
tall,2564
tank,2565
tap,2566
tape,2567
target,2568
task,2569
taste,2570
tax,2571
taxpayer,2572
tea,2573
teach,2574
teacher,2575
teaching,2576
team,2577
tear,2578
teaspoon,2579
technical,2580
technique,2581
technology,2582
teen,2583
teenager,2584
telephone,2585
telescope,2586
television,2587
tell,2588
temperature,2589
temporary,2590
ten,2591
tend,2592
tendency,2593
tennis,2594
tension,2595
tent,2596
term,2597
terms,2598
terrible,2599
territory,2600
terror,2601
terrorism,2602
terrorist,2603
test,2604
testify,2605
testimony,2606
testing,2607
text,2608
thank,2609
thanks,2610
theater,2611
theme,2612
theory,2613
therapy,2614
therefore,2615
thick,2616
thin,2617
thing,2618
think,2619
thinking,2620
third,2621
thirty,2622
though,2623
thought,2624
thousand,2625
threat,2626
threaten,2627
three,2628
throat,2629
throughout,2630
throw,2631
thus,2632
ticket,2633
tie,2634
tight,2635
time,2636
tiny,2637
tip,2638
tire,2639
tired,2640
tissue,2641
title,2642
tobacco,2643
today,2644
toe,2645
together,2646
tomato,2647
tomorrow,2648
tone,2649
tongue,2650
tonight,2651
tool,2652
tooth,2653
top,2654
topic,2655
toss,2656
total,2657
totally,2658
touch,2659
tough,2660
tour,2661
tourist,2662
tournament,2663
toward,2664
towards,2665
tower,2666
town,2667
toy,2668
trace,2669
track,2670
trade,2671
tradition,2672
traditional,2673
traffic,2674
tragedy,2675
trail,2676
train,2677
training,2678
transfer,2679
transform,2680
transformation,2681
transition,2682
translate,2683
transportation,2684
travel,2685
treat,2686
treatment,2687
treaty,2688
tree,2689
tremendous,2690
trend,2691
trial,2692
tribe,2693
trick,2694
trip,2695
troop,2696
trouble,2697
truck,2698
TRUE,2699
truly,2700
trust,2701
truth,2702
try,2703
tube,2704
tunnel,2705
turn,2706
TV,2707
twelve,2708
twenty,2709
twice,2710
twin,2711
two,2712
type,2713
typical,2714
typically,2715
ugly,2716
ultimate,2717
ultimately,2718
unable,2719
uncle,2720
undergo,2721
understand,2722
understanding,2723
unfortunately,2724
uniform,2725
union,2726
unique,2727
unit,2728
United,2729
universal,2730
universe,2731
university,2732
unknown,2733
unless,2734
unlike,2735
unlikely,2736
unusual,2737
upon,2738
upper,2739
urban,2740
urge,2741
us,2742
use,2743
used,2744
useful,2745
user,2746
usual,2747
usually,2748
utility,2749
vacation,2750
valley,2751
valuable,2752
value,2753
variable,2754
variation,2755
variety,2756
various,2757
vary,2758
vast,2759
vegetable,2760
vehicle,2761
venture,2762
version,2763
versus,2764
vessel,2765
veteran,2766
via,2767
victim,2768
victory,2769
video,2770
view,2771
viewer,2772
village,2773
violate,2774
violation,2775
violence,2776
violent,2777
virtually,2778
virtue,2779
virus,2780
visible,2781
vision,2782
visit,2783
visitor,2784
visual,2785
vital,2786
voice,2787
volume,2788
volunteer,2789
vote,2790
voter,2791
vs,2792
vulnerable,2793
wage,2794
wait,2795
wake,2796
walk,2797
wall,2798
wander,2799
want,2800
war,2801
warm,2802
warn,2803
warning,2804
wash,2805
waste,2806
watch,2807
water,2808
wave,2809
way,2810
weak,2811
wealth,2812
wealthy,2813
weapon,2814
wear,2815
weather,2816
wedding,2817
week,2818
weekend,2819
weekly,2820
weigh,2821
weight,2822
welcome,2823
welfare,2824
well,2825
west,2826
western,2827
wet,2828
whatever,2829
wheel,2830
whenever,2831
whereas,2832
whether,2833
whisper,2834
white,2835
whole,2836
whose,2837
wide,2838
widely,2839
widespread,2840
wife,2841
wild,2842
willing,2843
win,2844
wind,2845
window,2846
wine,2847
wing,2848
winner,2849
winter,2850
wipe,2851
wire,2852
wisdom,2853
wise,2854
wish,2855
withdraw,2856
within,2857
without,2858
witness,2859
woman,2860
wonder,2861
wonderful,2862
wood,2863
wooden,2864
word,2865
work,2866
worker,2867
working,2868
works,2869
workshop,2870
world,2871
worried,2872
worry,2873
worth,2874
would,2875
wound,2876
wrap,2877
write,2878
writer,2879
writing,2880
wrong,2881
yard,2882
yeah,2883
year,2884
yell,2885
yellow,2886
yes,2887
yesterday,2888
yet,2889
yield,2890
young,2891
youth,2892
zone,2893
